1,フシギダネ,fushigidane,0,0
2,フシギソウ,fushigiso,0,0
3,フシギバナ,fushigibana,0,0
4,ヒトカゲ,hitokage,0,1
5,リザード,rizado,0,1
6,リザードン,rizadon,0,1
7,ゼニガメ,zenigame,0,0
8,カメール,kameru,0,0
9,カメックス,kamekkusu,0,0
10,キャタピー,kyatapi,0,0
11,トランセル,toranseru,0,0
12,バタフリー,batafuri,0,0
13,ビードル,bidoru,0,0
14,コクーン,kokun,0,0
15,スピアー,supia,0,0
16,ポッポ,poppo,0,0
17,ピジョン,pijon,0,0
18,ピジョット,pijotto,0,0
19,コラッタ(アローラ),koratta(arora),1,0
19,コラッタ,koratta,0,0
20,ラッタ(アローラ),ratta(arora),1,0
20,ラッタ,ratta,0,0
21,オニスズメ,onisuzume,0,0
22,オニドリル,onidoriru,0,0
23,アーボ,abo,0,0
24,アーボック,abokku,0,0
25,ピカチュウ,pikachu,0,1
26,ライチュウ(アローラ),raichu(arora),1,1
26,ライチュウ,raichu,0,1
27,サンド(アローラ),sando(arora),1,0
27,サンド,sando,0,0
28,サンドパン(アローラ),sandopan(arora),1,0
28,サンドパン,sandopan,0,0
29,ニドラン♀,nidoran♀,0,0
30,ニドリーナ,nidorina,0,0
31,ニドクイン,nidokuin,0,0
32,ニドラン♂,nidoran♂,0,0
33,ニドリーノ,nidorino,0,0
34,ニドキング,nidokingu,0,0
35,ピッピ,pippi,0,0
36,ピクシー,pikushi,0,0
37,ロコン(アローラ),rokon(arora),1,0
37,ロコン,rokon,0,0
38,キュウコン(アローラ),kyukon(arora),1,0
38,キュウコン,kyukon,0,0
39,プリン,purin,0,1
40,プクリン,pukurin,0,1
41,ズバット,zubatto,0,0
42,ゴルバット,gorubatto,0,0
43,ナゾノクサ,nazonokusa,0,0
44,クサイハナ,kusaihana,0,0
45,ラフレシア,rafureshia,0,0
46,パラス,parasu,0,0
47,パラセクト,parasekuto,0,0
48,コンパン,kompan,0,1
49,モルフォン,morufuon,0,1
50,ディグダ(アローラ),deiguda(arora),1,1
50,ディグダ,deiguda,0,1
51,ダグトリオ(アローラ),dagutorio(arora),1,1
51,ダグトリオ,dagutorio,0,1
52,ニャース(アローラ),nyasu(arora),1,1
52,ニャース(ガラル),nyasu(gararu),2,1
52,ニャース,nyasu,0,1
53,ペルシアン(アローラ),perushian(arora),1,1
53,ペルシアン,perushian,0,1
54,コダック,kodakku,0,1
55,ゴルダック,gorudakku,0,1
56,マンキー,manki,0,1
57,オコリザル,okorizaru,0,1
58,ガーディ,gadei,0,1
59,ウインディ,uindei,0,1
60,ニョロモ,nyoromo,0,0
61,ニョロゾ,nyorozo,0,0
62,ニョロボン,nyorobon,0,0
63,ケーシィ,keshii,0,0
64,ユンゲラー,yungera,0,0
65,フーディン,fudein,0,0
66,ワンリキー,wanriki,0,0
67,ゴーリキー,goriki,0,0
68,カイリキー,kairiki,0,0
69,マダツボミ,madatsubomi,0,0
70,ウツドン,utsudon,0,0
71,ウツボット,utsubotto,0,0
72,メノクラゲ,menokurage,0,0
73,ドククラゲ,dokukurage,0,0
74,イシツブテ(アローラ),ishitsubute(arora),1,0
74,イシツブテ,ishitsubute,0,0
75,ゴローン(アローラ),goron(arora),1,0
75,ゴローン,goron,0,0
76,ゴローニャ(アローラ),goronya(arora),1,0
76,ゴローニャ,goronya,0,0
77,ポニータ(ガラル),ponita(gararu),1,0
77,ポニータ,ponita,0,0
78,ギャロップ(ガラル),gyaroppu(gararu),1,0
78,ギャロップ,gyaroppu,0,0
79,ヤドン(ガラル),yadon(gararu),1,1
79,ヤドン,yadon,0,1
80,ヤドラン(ガラル),yadoran(gararu),1,1
80,ヤドラン,yadoran,0,1
81,コイル,koiru,0,1
82,レアコイル,reakoiru,0,1
83,カモネギ(ガラル),kamonegi(gararu),1,0
83,カモネギ,kamonegi,0,0
84,ドードー,dodo,0,0
85,ドードリオ,dodorio,0,0
86,パウワウ,pauwau,0,0
87,ジュゴン,jugon,0,0
88,ベトベター(アローラ),betobeta(arora),1,1
88,ベトベター,betobeta,0,1
89,ベトベトン(アローラ),betobeton(arora),1,1
89,ベトベトン,betobeton,0,1
90,シェルダー,shieruda,0,1
91,パルシェン,parushien,0,1
92,ゴース,gosu,0,1
93,ゴースト,gosuto,0,1
94,ゲンガー,genga,0,1
95,イワーク,iwaku,0,0
96,スリープ,suripu,0,1
97,スリーパー,suripa,0,1
98,クラブ,kurabu,0,0
99,キングラー,kingura,0,0
100,ビリリダマ,biriridama,0,1
101,マルマイン,marumain,0,1
102,タマタマ,tamatama,0,0
103,ナッシー(アローラ),nasshi(arora),1,0
103,ナッシー,nasshi,0,0
104,カラカラ,karakara,0,0
105,ガラガラ(アローラ),garagara(arora),1,0
105,ガラガラ,garagara,0,0
106,サワムラー,sawamura,0,0
107,エビワラー,ebiwara,0,0
108,ベロリンガ,beroringa,0,0
109,ドガース,dogasu,0,0
110,マタドガス(ガラル),matadogasu(gararu),1,0
110,マタドガス,matadogasu,0,0
111,サイホーン,saihon,0,0
112,サイドン,saidon,0,0
113,ラッキー,rakki,0,1
114,モンジャラ,monjara,0,0
115,ガルーラ,garura,0,0
116,タッツー,tattsu,0,0
117,シードラ,shidora,0,0
118,トサキント,tosakinto,0,0
119,アズマオウ,azumao,0,0
120,ヒトデマン,hitodeman,0,0
121,スターミー,sutami,0,0
122,バリヤード(ガラル),bariyado(gararu),1,0
122,バリヤード,bariyado,0,0
123,ストライク,sutoraiku,0,1
124,ルージュラ,rujura,0,0
125,エレブー,erebu,0,0
126,ブーバー,buba,0,0
127,カイロス,kairosu,0,0
128,ケンタロス,kentarosu,0,1
129,コイキング,koikingu,0,1
130,ギャラドス,gyaradosu,0,1
131,ラプラス,rapurasu,0,0
132,メタモン,metamon,0,1
133,イーブイ,ibui,0,1
134,シャワーズ,shawazu,0,1
135,サンダース,sandasu,0,1
136,ブースター,busuta,0,1
137,ポリゴン,porigon,0,0
138,オムナイト,omunaito,0,0
139,オムスター,omusuta,0,0
140,カブト,kabuto,0,0
141,カブトプス,kabutopusu,0,0
142,プテラ,putera,0,0
143,カビゴン,kabigon,0,0
144,フリーザー(ガラル),furiza(gararu),1,0
144,フリーザー,furiza,0,0
145,サンダー(ガラル),sanda(gararu),1,0
145,サンダー,sanda,0,0
146,ファイヤー(ガラル),fuaiya(gararu),1,0
146,ファイヤー,fuaiya,0,0
147,ミニリュウ,miniryu,0,1
148,ハクリュー,hakuryu,0,1
149,カイリュー,kairyu,0,1
150,ミュウツー,myutsu,0,0
151,ミュウ,myu,0,0
152,チコリータ,chikorita,0,0
153,ベイリーフ,beirifu,0,0
154,メガニウム,meganiumu,0,0
155,ヒノアラシ,hinoarashi,0,0
156,マグマラシ,magumarashi,0,0
157,バクフーン,bakufun,0,0
158,ワニノコ,waninoko,0,0
159,アリゲイツ,arigeitsu,0,0
160,オーダイル,odairu,0,0
161,オタチ,otachi,0,0
162,オオタチ,otachi,0,0
163,ホーホー,hoho,0,0
164,ヨルノズク,yorunozuku,0,0
165,レディバ,redeiba,0,0
166,レディアン,redeian,0,0
167,イトマル,itomaru,0,0
168,アリアドス,ariadosu,0,0
169,クロバット,kurobatto,0,0
170,チョンチー,chonchi,0,0
171,ランターン,rantan,0,0
172,ピチュー,pichu,0,1
173,ピィ,pii,0,0
174,ププリン,pupurin,0,1
175,トゲピー,togepi,0,0
176,トゲチック,togechikku,0,0
177,ネイティ,neitei,0,0
178,ネイティオ,neiteio,0,0
179,メリープ,meripu,0,1
180,モココ,mokoko,0,1
181,デンリュウ,denryu,0,1
182,キレイハナ,kireihana,0,0
183,マリル,mariru,0,1
184,マリルリ,mariruri,0,1
185,ウソッキー,usokki,0,1
186,ニョロトノ,nyorotono,0,0
187,ハネッコ,hanekko,0,1
188,ポポッコ,popokko,0,1
189,ワタッコ,watakko,0,1
190,エイパム,eipamu,0,0
191,ヒマナッツ,himanattsu,0,1
192,キマワリ,kimawari,0,1
193,ヤンヤンマ,yanyamma,0,0
194,ウパー,upa,0,1
195,ヌオー,nuo,0,1
196,エーフィ,efui,0,1
197,ブラッキー,burakki,0,1
198,ヤミカラス,yamikarasu,0,1
199,ヤドキング(ガラル),yadokingu(gararu),1,1
199,ヤドキング,yadokingu,0,1
200,ムウマ,muma,0,1
201,アンノーン,annon,0,0
202,ソーナンス,sonansu,0,0
203,キリンリキ,kirinriki,0,1
204,クヌギダマ,kunugidama,0,1
205,フォレトス,fuoretosu,0,1
206,ノコッチ,nokotchi,0,1
207,グライガー,guraiga,0,0
208,ハガネール,haganeru,0,0
209,ブルー,buru,0,0
210,グランブル,guramburu,0,0
211,ハリーセン,harisen,0,1
212,ハッサム,hassamu,0,1
213,ツボツボ,tsubotsubo,0,0
214,ヘラクロス,herakurosu,0,1
215,ニューラ,nyura,0,1
216,ヒメグマ,himeguma,0,1
217,リングマ,ringuma,0,1
218,マグマッグ,magumaggu,0,0
219,マグカルゴ,magukarugo,0,0
220,ウリムー,urimu,0,0
221,イノムー,inomu,0,0
222,サニーゴ(ガラル),sanigo(gararu),1,0
222,サニーゴ,sanigo,0,0
223,テッポウオ,teppoo,0,0
224,オクタン,okutan,0,0
225,デリバード,deribado,0,1
226,マンタイン,mantain,0,0
227,エアームド,eamudo,0,0
228,デルビル,derubiru,0,1
229,ヘルガー,heruga,0,1
230,キングドラ,kingudora,0,0
231,ゴマゾウ,gomazo,0,1
232,ドンファン,donfuan,0,1
233,ポリゴン２,porigon２,0,0
234,オドシシ,odoshishi,0,1
235,ドーブル,doburu,0,0
236,バルキー,baruki,0,0
237,カポエラー,kapoera,0,0
238,ムチュール,muchuru,0,0
239,エレキッド,erekiddo,0,0
240,ブビィ,bubii,0,0
241,ミルタンク,mirutanku,0,0
242,ハピナス,hapinasu,0,1
243,ライコウ,raiko,0,0
244,エンテイ,entei,0,0
245,スイクン,suikun,0,0
246,ヨーギラス,yogirasu,0,1
247,サナギラス,sanagirasu,0,1
248,バンギラス,bangirasu,0,1
249,ルギア,rugia,0,0
250,ホウオウ,hoo,0,0
251,セレビィ,serebii,0,0
252,キモリ,kimori,0,0
253,ジュプトル,juputoru,0,0
254,ジュカイン,jukain,0,0
255,アチャモ,achamo,0,0
256,ワカシャモ,wakashamo,0,0
257,バシャーモ,bashamo,0,0
258,ミズゴロウ,mizugoro,0,0
259,ヌマクロー,numakuro,0,0
260,ラグラージ,raguraji,0,0
261,ポチエナ,pochiena,0,0
262,グラエナ,guraena,0,0
263,ジグザグマ(ガラル),jiguzaguma(gararu),1,0
263,ジグザグマ,jiguzaguma,0,0
264,マッスグマ(ガラル),massuguma(gararu),1,0
264,マッスグマ,massuguma,0,0
265,ケムッソ,kemusso,0,0
266,カラサリス,karasarisu,0,0
267,アゲハント,agehanto,0,0
268,マユルド,mayurudo,0,0
269,ドクケイル,dokukeiru,0,0
270,ハスボー,hasubo,0,0
271,ハスブレロ,hasuburero,0,0
272,ルンパッパ,rumpappa,0,0
273,タネボー,tanebo,0,0
274,コノハナ,konohana,0,0
275,ダーテング,datengu,0,0
276,スバメ,subame,0,0
277,オオスバメ,osubame,0,0
278,キャモメ,kyamome,0,1
279,ペリッパー,perippa,0,1
280,ラルトス,rarutosu,0,1
281,キルリア,kiruria,0,1
282,サーナイト,sanaito,0,1
283,アメタマ,ametama,0,1
284,アメモース,amemosu,0,1
285,キノココ,kinokoko,0,1
286,キノガッサ,kinogassa,0,1
287,ナマケロ,namakero,0,1
288,ヤルキモノ,yarukimono,0,1
289,ケッキング,kekkingu,0,1
290,ツチニン,tsuchinin,0,0
291,テッカニン,tekkanin,0,0
292,ヌケニン,nukenin,0,0
293,ゴニョニョ,gonyonyo,0,0
294,ドゴーム,dogomu,0,0
295,バクオング,bakuongu,0,0
296,マクノシタ,makunoshita,0,1
297,ハリテヤマ,hariteyama,0,1
298,ルリリ,ruriri,0,1
299,ノズパス,nozupasu,0,0
300,エネコ,eneko,0,0
301,エネコロロ,enekororo,0,0
302,ヤミラミ,yamirami,0,1
303,クチート,kuchito,0,0
304,ココドラ,kokodora,0,0
305,コドラ,kodora,0,0
306,ボスゴドラ,bosugodora,0,0
307,アサナン,asanan,0,1
308,チャーレム,charemu,0,1
309,ラクライ,rakurai,0,0
310,ライボルト,raiboruto,0,0
311,プラスル,purasuru,0,0
312,マイナン,mainan,0,0
313,バルビート,barubito,0,0
314,イルミーゼ,irumize,0,0
315,ロゼリア,rozeria,0,0
316,ゴクリン,gokurin,0,1
317,マルノーム,marunomu,0,1
318,キバニア,kibania,0,0
319,サメハダー,samehada,0,0
320,ホエルコ,hoeruko,0,0
321,ホエルオー,hoeruo,0,0
322,ドンメル,dommeru,0,1
323,バクーダ,bakuda,0,1
324,コータス,kotasu,0,1
325,バネブー,banebu,0,1
326,ブーピッグ,bupiggu,0,1
327,パッチール,patchiru,0,0
328,ナックラー,nakkura,0,0
329,ビブラーバ,biburaba,0,0
330,フライゴン,furaigon,0,0
331,サボネア,sabonea,0,1
332,ノクタス,nokutasu,0,1
333,チルット,chirutto,0,1
334,チルタリス,chirutarisu,0,1
335,ザングース,zangusu,0,1
336,ハブネーク,habuneku,0,1
337,ルナトーン,runaton,0,0
338,ソルロック,sorurokku,0,0
339,ドジョッチ,dojotchi,0,1
340,ナマズン,namazun,0,1
341,ヘイガニ,heigani,0,0
342,シザリガー,shizariga,0,0
343,ヤジロン,yajiron,0,0
344,ネンドール,nendoru,0,0
345,リリーラ,ririra,0,0
346,ユレイドル,yureidoru,0,0
347,アノプス,anopusu,0,0
348,アーマルド,amarudo,0,0
349,ヒンバス,himbasu,0,0
350,ミロカロス,mirokarosu,0,0
351,ポワルン,powarun,0,0
352,カクレオン,kakureon,0,0
353,カゲボウズ,kagebozu,0,1
354,ジュペッタ,jupetta,0,1
355,ヨマワル,yomawaru,0,0
356,サマヨール,samayoru,0,0
357,トロピウス,toropiusu,0,1
358,チリーン,chirin,0,0
359,アブソル,abusoru,0,0
360,ソーナノ,sonano,0,0
361,ユキワラシ,yukiwarashi,0,1
362,オニゴーリ,onigori,0,1
363,タマザラシ,tamazarashi,0,0
364,トドグラー,todogura,0,0
365,トドゼルガ,todozeruga,0,0
366,パールル,paruru,0,0
367,ハンテール,hanteru,0,0
368,サクラビス,sakurabisu,0,0
369,ジーランス,jiransu,0,0
370,ラブカス,rabukasu,0,1
371,タツベイ,tatsubei,0,1
372,コモルー,komoru,0,1
373,ボーマンダ,bomanda,0,1
374,ダンバル,dambaru,0,0
375,メタング,metangu,0,0
376,メタグロス,metagurosu,0,0
377,レジロック,rejirokku,0,0
378,レジアイス,rejiaisu,0,0
379,レジスチル,rejisuchiru,0,0
380,ラティアス,rateiasu,0,0
381,ラティオス,rateiosu,0,0
382,カイオーガ,kaioga,0,0
383,グラードン,guradon,0,0
384,レックウザ,rekkuza,0,0
385,ジラーチ,jirachi,0,0
386,デオキシス(アタック),deokishisu(atakku),1,0
386,デオキシス(スピード),deokishisu(supido),3,0
386,デオキシス(ディフェンス),deokishisu(deifuensu),2,0
386,デオキシス(ノーマル),deokishisu(nomaru),0,0
387,ナエトル,naetoru,0,0
388,ハヤシガメ,hayashigame,0,0
389,ドダイトス,dodaitosu,0,0
390,ヒコザル,hikozaru,0,0
391,モウカザル,mokazaru,0,0
392,ゴウカザル,gokazaru,0,0
393,ポッチャマ,potchama,0,0
394,ポッタイシ,pottaishi,0,0
395,エンペルト,emperuto,0,0
396,ムックル,mukkuru,0,1
397,ムクバード,mukubado,0,1
398,ムクホーク,mukuhoku,0,1
399,ビッパ,bippa,0,0
400,ビーダル,bidaru,0,0
401,コロボーシ,koroboshi,0,1
402,コロトック,korotokku,0,1
403,コリンク,korinku,0,1
404,ルクシオ,rukushio,0,1
405,レントラー,rentora,0,1
406,スボミー,subomi,0,0
407,ロズレイド,rozureido,0,0
408,ズガイドス,zugaidosu,0,0
409,ラムパルド,ramuparudo,0,0
410,タテトプス,tatetopusu,0,0
411,トリデプス,toridepusu,0,0
412,ミノムッチ,minomutchi,0,0
413,ミノマダム(くさき),minomadamu(kusaki),0,0
413,ミノマダム(すな),minomadamu(suna),1,0
413,ミノマダム(ゴミ),minomadamu(gomi),2,0
414,ガーメイル,gameiru,0,0
415,ミツハニー,mitsuhani,0,1
416,ビークイン,bikuin,0,1
417,パチリス,pachirisu,0,1
418,ブイゼル,buizeru,0,1
419,フローゼル,furozeru,0,1
420,チェリンボ,chierimbo,0,0
421,チェリム,chierimu,0,0
422,カラナクシ,karanakushi,0,1
423,トリトドン,toritodon,0,1
424,エテボース,etebosu,0,0
425,フワンテ,fuwante,0,1
426,フワライド,fuwaraido,0,1
427,ミミロル,mimiroru,0,0
428,ミミロップ,mimiroppu,0,0
429,ムウマージ,mumaji,0,1
430,ドンカラス,donkarasu,0,1
431,ニャルマー,nyaruma,0,0
432,ブニャット,bunyatto,0,0
433,リーシャン,rishan,0,0
434,スカンプー,sukampu,0,1
435,スカタンク,sukatanku,0,1
436,ドーミラー,domira,0,1
437,ドータクン,dotakun,0,1
438,ウソハチ,usohachi,0,1
439,マネネ,manene,0,0
440,ピンプク,pimpuku,0,1
441,ペラップ,perappu,0,0
442,ミカルゲ,mikaruge,0,1
443,フカマル,fukamaru,0,1
444,ガバイト,gabaito,0,1
445,ガブリアス,gaburiasu,0,1
446,ゴンベ,gombe,0,0
447,リオル,rioru,0,1
448,ルカリオ,rukario,0,1
449,ヒポポタス,hipopotasu,0,1
450,カバルドン,kabarudon,0,1
451,スコルピ,sukorupi,0,0
452,ドラピオン,dorapion,0,0
453,グレッグル,guregguru,0,1
454,ドクロッグ,dokuroggu,0,1
455,マスキッパ,masukippa,0,0
456,ケイコウオ,keikoo,0,1
457,ネオラント,neoranto,0,1
458,タマンタ,tamanta,0,0
459,ユキカブリ,yukikaburi,0,1
460,ユキノオー,yukino,0,1
461,マニューラ,manyura,0,1
462,ジバコイル,jibakoiru,0,1
463,ベロベルト,beroberuto,0,0
464,ドサイドン,dosaidon,0,0
465,モジャンボ,mojambo,0,0
466,エレキブル,erekiburu,0,0
467,ブーバーン,buban,0,0
468,トゲキッス,togekissu,0,0
469,メガヤンマ,megayamma,0,0
470,リーフィア,rifuia,0,1
471,グレイシア,gureishia,0,1
472,グライオン,guraion,0,0
473,マンムー,mammu,0,0
474,ポリゴンＺ,porigonＺ,0,0
475,エルレイド,erureido,0,1
476,ダイノーズ,dainozu,0,0
477,ヨノワール,yonowaru,0,0
478,ユキメノコ,yukimenoko,0,1
479,ロトム(ウォッシュ),rotomu(uosshu),2,1
479,ロトム(カット),rotomu(katto),5,1
479,ロトム(スピン),rotomu(supin),4,1
479,ロトム(ヒート),rotomu(hito),1,1
479,ロトム(フロスト),rotomu(furosuto),3,1
479,ロトム,rotomu,0,1
480,ユクシー,yukushi,0,0
481,エムリット,emuritto,0,0
482,アグノム,agunomu,0,0
483,ディアルガ,deiaruga,0,0
484,パルキア,parukia,0,0
485,ヒードラン,hidoran,0,0
486,レジギガス,rejigigasu,0,0
487,ギラティナ,girateina,0,0
488,クレセリア,kureseria,0,0
489,フィオネ,fuione,0,0
490,マナフィ,manafui,0,0
491,ダークライ,dakurai,0,0
492,シェイミ,shieimi,0,0
493,アルセウス,aruseusu,0,0
494,ビクティニ,bikuteini,0,0
495,ツタージャ,tsutaja,0,0
496,ジャノビー,janobi,0,0
497,ジャローダ,jaroda,0,0
498,ポカブ,pokabu,0,0
499,チャオブー,chaobu,0,0
500,エンブオー,embuo,0,0
501,ミジュマル,mijumaru,0,0
502,フタチマル,futachimaru,0,0
503,ダイケンキ,daikenki,0,0
504,ミネズミ,minezumi,0,0
505,ミルホッグ,miruhoggu,0,0
506,ヨーテリー,yoteri,0,0
507,ハーデリア,haderia,0,0
508,ムーランド,murando,0,0
509,チョロネコ,choroneko,0,0
510,レパルダス,reparudasu,0,0
511,ヤナップ,yanappu,0,0
512,ヤナッキー,yanakki,0,0
513,バオップ,baoppu,0,0
514,バオッキー,baokki,0,0
515,ヒヤップ,hiyappu,0,0
516,ヒヤッキー,hiyakki,0,0
517,ムンナ,munna,0,0
518,ムシャーナ,mushana,0,0
519,マメパト,mamepato,0,0
520,ハトーボー,hatobo,0,0
521,ケンホロウ,kenhoro,0,0
522,シママ,shimama,0,0
523,ゼブライカ,zeburaika,0,0
524,ダンゴロ,dangoro,0,0
525,ガントル,gantoru,0,0
526,ギガイアス,gigaiasu,0,0
527,コロモリ,koromori,0,0
528,ココロモリ,kokoromori,0,0
529,モグリュー,moguryu,0,0
530,ドリュウズ,doryuzu,0,0
531,タブンネ,tabunne,0,0
532,ドッコラー,dokkora,0,0
533,ドテッコツ,dotekkotsu,0,0
534,ローブシン,robushin,0,0
535,オタマロ,otamaro,0,0
536,ガマガル,gamagaru,0,0
537,ガマゲロゲ,gamageroge,0,0
538,ナゲキ,nageki,0,0
539,ダゲキ,dageki,0,0
540,クルミル,kurumiru,0,0
541,クルマユ,kurumayu,0,0
542,ハハコモリ,hahakomori,0,0
543,フシデ,fushide,0,0
544,ホイーガ,hoiga,0,0
545,ペンドラー,pendora,0,0
546,モンメン,mommen,0,0
547,エルフーン,erufun,0,0
548,チュリネ,churine,0,1
549,ドレディア,doredeia,0,1
550,バスラオ,basurao,0,1
551,メグロコ,meguroko,0,1
552,ワルビル,warubiru,0,1
553,ワルビアル,warubiaru,0,1
554,ダルマッカ(ガラル),darumakka(gararu),1,0
554,ダルマッカ,darumakka,0,0
555,ヒヒダルマ(ガラル),hihidaruma(gararu),2,0
555,ヒヒダルマ,hihidaruma,0,0
556,マラカッチ,marakatchi,0,0
557,イシズマイ,ishizumai,0,0
558,イワパレス,iwaparesu,0,0
559,ズルッグ,zuruggu,0,0
560,ズルズキン,zuruzukin,0,0
561,シンボラー,shimbora,0,0
562,デスマス(ガラル),desumasu(gararu),1,0
562,デスマス,desumasu,0,0
563,デスカーン,desukan,0,0
564,プロトーガ,purotoga,0,0
565,アバゴーラ,abagora,0,0
566,アーケン,aken,0,0
567,アーケオス,akeosu,0,0
568,ヤブクロン,yabukuron,0,0
569,ダストダス,dasutodasu,0,0
570,ゾロア,zoroa,0,1
571,ゾロアーク,zoroaku,0,1
572,チラーミィ,chiramii,0,0
573,チラチーノ,chirachino,0,0
574,ゴチム,gochimu,0,1
575,ゴチミル,gochimiru,0,1
576,ゴチルゼル,gochiruzeru,0,1
577,ユニラン,yuniran,0,0
578,ダブラン,daburan,0,0
579,ランクルス,rankurusu,0,0
580,コアルヒー,koaruhi,0,0
581,スワンナ,suwanna,0,0
582,バニプッチ,baniputchi,0,0
583,バニリッチ,baniritchi,0,0
584,バイバニラ,baibanira,0,0
585,シキジカ,shikijika,0,1
586,メブキジカ,mebukijika,0,1
587,エモンガ,emonga,0,0
588,カブルモ,kaburumo,0,0
589,シュバルゴ,shubarugo,0,0
590,タマゲタケ,tamagetake,0,1
591,モロバレル,morobareru,0,1
592,プルリル,pururiru,0,0
593,ブルンゲル,burungeru,0,0
594,ママンボウ,mamambo,0,1
595,バチュル,bachuru,0,0
596,デンチュラ,denchura,0,0
597,テッシード,tesshido,0,0
598,ナットレイ,nattorei,0,0
599,ギアル,giaru,0,0
600,ギギアル,gigiaru,0,0
601,ギギギアル,gigigiaru,0,0
602,シビシラス,shibishirasu,0,1
603,シビビール,shibibiru,0,1
604,シビルドン,shibirudon,0,1
605,リグレー,rigure,0,0
606,オーベム,obemu,0,0
607,ヒトモシ,hitomoshi,0,0
608,ランプラー,rampura,0,0
609,シャンデラ,shandera,0,0
610,キバゴ,kibago,0,1
611,オノンド,onondo,0,1
612,オノノクス,ononokusu,0,1
613,クマシュン,kumashun,0,1
614,ツンベアー,tsumbea,0,1
615,フリージオ,furijio,0,1
616,チョボマキ,chobomaki,0,0
617,アギルダー,agiruda,0,0
618,マッギョ(ガラル),maggyo(gararu),1,0
618,マッギョ,maggyo,0,0
619,コジョフー,kojofu,0,0
620,コジョンド,kojondo,0,0
621,クリムガン,kurimugan,0,0
622,ゴビット,gobitto,0,0
623,ゴルーグ,gorugu,0,0
624,コマタナ,komatana,0,1
625,キリキザン,kirikizan,0,1
626,バッフロン,baffuron,0,0
627,ワシボン,washibon,0,1
628,ウォーグル,uoguru,0,1
629,バルチャイ,baruchai,0,0
630,バルジーナ,barujina,0,0
631,クイタラン,kuitaran,0,0
632,アイアント,aianto,0,0
633,モノズ,monozu,0,1
634,ジヘッド,jiheddo,0,1
635,サザンドラ,sazandora,0,1
636,メラルバ,meraruba,0,1
637,ウルガモス,urugamosu,0,1
638,コバルオン,kobaruon,0,0
639,テラキオン,terakion,0,0
640,ビリジオン,birijion,0,0
641,トルネロス(霊獣),torunerosu(reiju),1,0
641,トルネロス,torunerosu,0,0
642,ボルトロス(霊獣),borutorosu(reiju),1,0
642,ボルトロス,borutorosu,0,0
643,レシラム,reshiramu,0,0
644,ゼクロム,zekuromu,0,0
645,ランドロス(霊獣),randorosu(reiju),1,0
645,ランドロス,randorosu,0,0
646,キュレム,kyuremu,0,0
647,ケルディオ,kerudeio,0,0
648,メロエッタ,meroetta,0,0
649,ゲノセクト,genosekuto,0,0
650,ハリマロン,harimaron,0,0
651,ハリボーグ,haribogu,0,0
652,ブリガロン,burigaron,0,0
653,フォッコ,fuokko,0,0
654,テールナー,teruna,0,0
655,マフォクシー,mafuokushi,0,0
656,ケロマツ,keromatsu,0,0
657,ゲコガシラ,gekogashira,0,0
658,ゲッコウガ,gekkoga,0,0
659,ホルビー,horubi,0,0
660,ホルード,horudo,0,0
661,ヤヤコマ,yayakoma,0,1
662,ヒノヤコマ,hinoyakoma,0,1
663,ファイアロー,fuaiaro,0,1
664,コフキムシ,kofukimushi,0,1
665,コフーライ,kofurai,0,1
666,ビビヨン,bibiyon,0,1
667,シシコ,shishiko,0,1
668,カエンジシ,kaenjishi,0,1
669,フラベベ,furabebe,0,1
670,フラエッテ,furaette,0,1
671,フラージェス,furajiesu,0,1
672,メェークル,mekuru,0,1
673,ゴーゴート,gogoto,0,1
674,ヤンチャム,yanchamu,0,0
675,ゴロンダ,goronda,0,0
676,トリミアン,torimian,0,0
677,ニャスパー,nyasupa,0,0
678,ニャオニクス(オス),nyaonikusu(osu),0,0
678,ニャオニクス(メス),nyaonikusu(mesu),1,0
679,ヒトツキ,hitotsuki,0,0
680,ニダンギル,nidangiru,0,0
681,ギルガルド,girugarudo,0,0
682,シュシュプ,shushupu,0,0
683,フレフワン,furefuwan,0,0
684,ペロッパフ,peroppafu,0,0
685,ペロリーム,perorimu,0,0
686,マーイーカ,maika,0,0
687,カラマネロ,karamanero,0,0
688,カメテテ,kametete,0,0
689,ガメノデス,gamenodesu,0,0
690,クズモー,kuzumo,0,1
691,ドラミドロ,doramidoro,0,1
692,ウデッポウ,udeppo,0,1
693,ブロスター,burosuta,0,1
694,エリキテル,erikiteru,0,0
695,エレザード,erezado,0,0
696,チゴラス,chigorasu,0,0
697,ガチゴラス,gachigorasu,0,0
698,アマルス,amarusu,0,0
699,アマルルガ,amaruruga,0,0
700,ニンフィア,ninfuia,0,1
701,ルチャブル,ruchaburu,0,1
702,デデンネ,dedenne,0,1
703,メレシー,mereshi,0,0
704,ヌメラ,numera,0,1
705,ヌメイル,numeiru,0,1
706,ヌメルゴン,numerugon,0,1
707,クレッフィ,kureffui,0,1
708,ボクレー,bokure,0,0
709,オーロット,orotto,0,0
710,バケッチャ,baketcha,0,0
711,パンプジン,pampujin,0,0
712,カチコール,kachikoru,0,1
713,クレベース,kurebesu,0,1
714,オンバット,ombatto,0,1
715,オンバーン,omban,0,1
716,ゼルネアス,zeruneasu,0,0
717,イベルタル,iberutaru,0,0
718,ジガルデ,jigarude,0,0
719,ディアンシー,deianshi,0,0
720,フーパ,fupa,0,0
721,ボルケニオン,borukenion,0,0
722,モクロー,mokuro,0,0
723,フクスロー,fukusuro,0,0
724,ジュナイパー,junaipa,0,0
725,ニャビー,nyabi,0,0
726,ニャヒート,nyahito,0,0
727,ガオガエン,gaogaen,0,0
728,アシマリ,ashimari,0,0
729,オシャマリ,oshamari,0,0
730,アシレーヌ,ashirenu,0,0
731,ツツケラ,tsutsukera,0,0
732,ケララッパ,kerarappa,0,0
733,ドデカバシ,dodekabashi,0,0
734,ヤングース,yangusu,0,1
735,デカグース,dekagusu,0,1
736,アゴジムシ,agojimushi,0,0
737,デンヂムシ,denjimushi,0,0
738,クワガノン,kuwaganon,0,0
739,マケンカニ,makenkani,0,1
740,ケケンカニ,kekenkani,0,1
741,オドリドリ(ぱちぱち),odoridori(pachipachi),1,1
741,オドリドリ(ふらふら),odoridori(furafura),2,1
741,オドリドリ(まいまい),odoridori(maimai),3,1
741,オドリドリ,odoridori,0,1
742,アブリー,aburi,0,0
743,アブリボン,aburibon,0,0
744,イワンコ,iwanko,0,1
745,ルガルガン(たそがれ),rugarugan(tasogare),2,1
745,ルガルガン(まひる),rugarugan(mahiru),0,1
745,ルガルガン(まよなか),rugarugan(mayonaka),1,1
746,ヨワシ,yowashi,0,0
747,ヒドイデ,hidoide,0,1
748,ドヒドイデ,dohidoide,0,1
749,ドロバンコ,dorobanko,0,1
750,バンバドロ,bambadoro,0,1
751,シズクモ,shizukumo,0,0
752,オニシズクモ,onishizukumo,0,0
753,カリキリ,karikiri,0,1
754,ラランテス,rarantesu,0,1
755,ネマシュ,nemashu,0,0
756,マシェード,mashiedo,0,0
757,ヤトウモリ,yatomori,0,1
758,エンニュート,ennyuto,0,1
759,ヌイコグマ,nuikoguma,0,0
760,キテルグマ,kiteruguma,0,0
761,アマカジ,amakaji,0,1
762,アママイコ,amamaiko,0,1
763,アマージョ,amajo,0,1
764,キュワワー,kyuwawa,0,0
765,ヤレユータン,yareyutan,0,1
766,ナゲツケサル,nagetsukesaru,0,1
767,コソクムシ,kosokumushi,0,0
768,グソクムシャ,gusokumusha,0,0
769,スナバァ,sunabaa,0,1
770,シロデスナ,shirodesuna,0,1
771,ナマコブシ,namakobushi,0,0
772,タイプ：ヌル,taipu：nuru,0,0
773,シルヴァディ,shirubuadei,0,0
774,メテノ,meteno,0,0
775,ネッコアラ,nekkoara,0,1
776,バクガメス,bakugamesu,0,0
777,トゲデマル,togedemaru,0,0
778,ミミッキュ,mimikkyu,0,1
779,ハギギシリ,hagigishiri,0,1
780,ジジーロン,jijiron,0,0
781,ダダリン,dadarin,0,0
782,ジャラコ,jarako,0,0
783,ジャランゴ,jarango,0,0
784,ジャラランガ,jararanga,0,0
785,カプ・コケコ,kapu・kokeko,0,0
786,カプ・テテフ,kapu・tetefu,0,0
787,カプ・ブルル,kapu・bururu,0,0
788,カプ・レヒレ,kapu・rehire,0,0
789,コスモッグ,kosumoggu,0,0
790,コスモウム,kosumomu,0,0
791,ソルガレオ,sorugareo,0,0
792,ルナアーラ,runaara,0,0
793,ウツロイド,utsuroido,0,0
794,マッシブーン,masshibun,0,0
795,フェローチェ,fuerochie,0,0
796,デンジュモク,denjumoku,0,0
797,テッカグヤ,tekkaguya,0,0
798,カミツルギ,kamitsurugi,0,0
799,アクジキング,akujikingu,0,0
800,ネクロズマ(月食),nekurozuma(gesshoku),2,0
800,ネクロズマ(日食),nekurozuma(nisshoku),1,0
800,ネクロズマ,nekurozuma,0,0
801,マギアナ,magiana,0,0
802,マーシャドー,mashado,0,0
803,ベベノム,bebenomu,0,0
804,アーゴヨン,agoyon,0,0
805,ツンデツンデ,tsundetsunde,0,0
806,ズガドーン,zugadon,0,0
807,ゼラオラ,zeraora,0,0
808,メルタン,merutan,0,0
809,メルメタル,merumetaru,0,0
810,サルノリ,sarunori,0,0
811,バチンキー,bachinki,0,0
812,ゴリランダー,goriranda,0,0
813,ヒバニー,hibani,0,0
814,ラビフット,rabifutto,0,0
815,エースバーン,esuban,0,0
816,メッソン,messon,0,0
817,ジメレオン,jimereon,0,0
818,インテレオン,intereon,0,0
819,ホシガリス,hoshigarisu,0,1
820,ヨクバリス,yokubarisu,0,1
821,ココガラ,kokogara,0,1
822,アオガラス,aogarasu,0,1
823,アーマーガア,amagaa,0,1
824,サッチムシ,satchimushi,0,0
825,レドームシ,redomushi,0,0
826,イオルブ,iorubu,0,0
827,クスネ,kusune,0,0
828,フォクスライ,fuokusurai,0,0
829,ヒメンカ,himenka,0,0
830,ワタシラガ,watashiraga,0,0
831,ウールー,uru,0,0
832,バイウールー,baiuru,0,0
833,カムカメ,kamukame,0,1
834,カジリガメ,kajirigame,0,1
835,ワンパチ,wampachi,0,0
836,パルスワン,parusuwan,0,0
837,タンドン,tandon,0,1
838,トロッゴン,toroggon,0,1
839,セキタンザン,sekitanzan,0,1
840,カジッチュ,kajitchu,0,1
841,アップリュー,appuryu,0,1
842,タルップル,taruppuru,0,1
843,スナヘビ,sunahebi,0,1
844,サダイジャ,sadaija,0,1
845,ウッウ,uuu,0,0
846,サシカマス,sashikamasu,0,1
847,カマスジョー,kamasujo,0,1
848,エレズン,erezun,0,1
849,ストリンダー,sutorinda,0,1
850,ヤクデ,yakude,0,0
851,マルヤクデ,maruyakude,0,0
852,タタッコ,tatakko,0,0
853,オトスパス,otosupasu,0,0
854,ヤバチャ,yabacha,0,1
855,ポットデス,pottodesu,0,1
856,ミブリム,miburimu,0,1
857,テブリム,teburimu,0,1
858,ブリムオン,burimuon,0,1
859,ベロバー,beroba,0,1
860,ギモー,gimo,0,1
861,オーロンゲ,oronge,0,1
862,タチフサグマ,tachifusaguma,0,0
863,ニャイキング,nyaikingu,0,1
864,サニゴーン,sanigon,0,0
865,ネギガナイト,negiganaito,0,0
866,バリコオル,barikoru,0,0
867,デスバーン,desuban,0,0
868,マホミル,mahomiru,0,0
869,マホイップ,mahoippu,0,0
870,タイレーツ,tairetsu,0,1
871,バチンウニ,bachinuni,0,1
872,ユキハミ,yukihami,0,1
873,モスノウ,mosuno,0,1
874,イシヘンジン,ishihenjin,0,1
875,コオリッポ,korippo,0,1
876,イエッサン(オス),iessan(osu),0,1
876,イエッサン(メス),iessan(mesu),1,1
877,モルペコ,morupeko,0,0
878,ゾウドウ,zodo,0,1
879,ダイオウドウ,daiodo,0,1
880,パッチラゴン,patchiragon,0,0
881,パッチルドン,patchirudon,0,0
882,ウオノラゴン,uonoragon,0,0
883,ウオチルドン,uochirudon,0,0
884,ジュラルドン,jurarudon,0,0
885,ドラメシヤ,dorameshiya,0,1
886,ドロンチ,doronchi,0,1
887,ドラパルト,doraparuto,0,1
888,ザシアン,zashian,0,0
889,ザマゼンタ,zamazenta,0,0
890,ムゲンダイナ,mugendaina,0,0
891,ダクマ,dakuma,0,0
892,ウーラオス(いちげき),uraosu(ichigeki),0,0
892,ウーラオス(れんげき),uraosu(rengeki),0,0
893,ザルード,zarudo,0,0
894,レジエレキ,rejiereki,0,0
895,レジドラゴ,rejidorago,0,0
896,ブリザポス,burizaposu,0,0
897,レイスポス,reisuposu,0,0
898,バドレックス,badorekkusu,0,0
898,バドレックス(はくば),badorekkusu(hakuba),1,0
898,バドレックス(こくば),badorekkusu(kokuba),2,0
899,アヤシシ,ayashishi,0,0
900,バサギリ,basagiri,0,0
901,ガチグマ,gachiguma,0,0
902,イダイトウ,idaito,0,0
903,オオニューラ,onyura,0,0
904,ハリーマン,hariman,0,0
905,ラブトロス,rabutorosu,0,0
906,ニャオハ,nyaoha,0,1
907,ニャローテ,nyarote,0,1
908,マスカーニャ,masukanya,0,1
909,ホゲータ,hogeta,0,1
910,アチゲータ,achigeta,0,1
911,ラウドボーン,raudobon,0,1
912,クワッス,kuwassu,0,1
913,ウェルカモ,uerukamo,0,1
914,ウェーニバル,uenibaru,0,1
915,グルトン,guruton,0,1
916,パフュートン(オスのすがた),pafuton(osunosugata),0,1
916,パフュートン(メスのすがた),pafuton(mesunosugata),1,1
917,タマンチュラ,tamanchura,0,1
918,ワナイダー,wanaida,0,1
919,マメバッタ,mamebatta,0,1
920,エクスレッグ,ekusureggu,0,1
921,パモ,pamo,0,1
922,パモット,pamotto,0,1
923,パーモット,pamotto,0,1
924,ワッカネズミ,wakkanezumi,0,1
925,イッカネズミ,ikkanezumi,0,1
926,パピモッチ,papimotchi,0,1
927,バウッツェル,bauttsueru,0,1
928,ミニーブ,minibu,0,1
929,オリーニョ,orinyo,0,1
930,オリーヴァ,oribua,0,1
931,イキリンコ,ikirinko,0,1
932,コジオ,kojio,0,1
933,ジオヅム,jiozumu,0,1
934,キョジオーン,kyojion,0,1
935,カルボウ,karubo,0,1
936,グレンアルマ,gurenaruma,0,1
937,ソウブレイズ,sobureizu,0,1
938,ズピカ,zupika,0,1
939,ハラバリー,harabari,0,1
940,カイデン,kaiden,0,1
941,タイカイデン,taikaiden,0,1
942,オラチフ,orachifu,0,1
943,マフィティフ,mafuiteifu,0,1
944,シルシュルー,shirushuru,0,1
945,タギングル,taginguru,0,1
946,アノクサ,anokusa,0,1
947,アノホラグサ,anohoragusa,0,1
948,ノノクラゲ,nonokurage,0,1
949,リククラゲ,rikukurage,0,1
950,ガケガニ,gakegani,0,1
951,カプサイジ,kapusaiji,0,1
952,スコヴィラン,sukobuiran,0,1
953,シガロコ,shigaroko,0,1
954,ベラカス,berakasu,0,1
955,ヒラヒナ,hirahina,0,1
956,クエスパトラ,kuesupatora,0,1
957,カヌチャン,kanuchan,0,1
958,ナカヌチャン,nakanuchan,0,1
959,デカヌチャン,dekanuchan,0,1
960,ウミディグダ,umideiguda,0,1
961,ウミトリオ,umitorio,0,1
962,オトシドリ,otoshidori,0,1
963,ナミイルカ,namiiruka,0,1
964,イルカマン(ナイーブフォルム),irukaman(naibufuorumu),0,1
964,イルカマン(マイティフォルム),irukaman(maiteifuorumu),1,1
965,ブロロン,buroron,0,1
966,ブロロローム,burororomu,0,1
967,モトトカゲ,mototokage,0,1
968,ミミズズ,mimizuzu,0,1
969,キラーメ,kirame,0,1
970,キラフロル,kirafuroru,0,1
971,ボチ,bochi,0,1
972,ハカドッグ,hakadoggu,0,1
973,カラミンゴ,karamingo,0,1
974,アルクジラ,arukujira,0,1
975,ハルクジラ,harukujira,0,1
976,ミガルーサ,migarusa,0,1
977,ヘイラッシャ,heirassha,0,1
978,シャリタツ,sharitatsu,0,1
979,コノヨザル,konoyozaru,0,1
980,ドオー,do,0,1
981,リキキリン,rikikirin,0,1
982,ノココッチ,nokokotchi,0,1
983,ドドゲザン,dodogezan,0,1
984,イダイナキバ,idainakiba,0,1
985,サケブシッポ,sakebushippo,0,1
986,アラブルタケ,araburutake,0,1
987,ハバタクカミ,habatakukami,0,1
988,チヲハウハネ,chiohauhane,0,1
989,スナノケガワ,sunanokegawa,0,1
990,テツノワダチ,tetsunowadachi,0,1
991,テツノツツミ,tetsunotsutsumi,0,1
992,テツノカイナ,tetsunokaina,0,1
993,テツノコウベ,tetsunokobe,0,1
994,テツノドクガ,tetsunodokuga,0,1
995,テツノイバラ,tetsunoibara,0,1
996,セビエ,sebie,0,1
997,セゴール,segoru,0,1
998,セグレイブ,segureibu,0,1
999,コレクレー,korekure,0,1
1000,サーフゴー,safugo,0,1
1001,チオンジェン,chionjien,0,1
1002,パオジアン,paojian,0,1
1003,ディンルー,deinru,0,1
1004,イーユイ,iyui,0,1
1005,トドロクツキ,todorokutsuki,0,1
1006,テツノブジン,tetsunobujin,0,1
1007,コライドン,koraidon,0,1
1008,ミライドン,miraidon,0,1
